{
  "baseline": {
    "train_loss": [
      0.9831209862762027,
      0.4632175794265888,
      0.40940838139145463,
      0.3733452012627213,
      0.3561760311833134,
      0.33162062272319087,
      0.31672804254955716,
      0.30010911360493414,
      0.29105740088886684,
      0.28051127133104536,
      0.2718351904109672,
      0.26604328890200013
    ],
    "train_accuracy": [
      0.6206481481481482,
      0.8312777777777778,
      0.852462962962963,
      0.8638518518518519,
      0.8702222222222222,
      0.8781481481481481,
      0.8842407407407408,
      0.8894444444444445,
      0.8943518518518518,
      0.8963518518518518,
      0.8990925925925926,
      0.9012777777777777
    ],
    "val_loss": [
      0.5408902963002523,
      0.4232242568333944,
      0.376781157096227,
      0.3530339077313741,
      0.3597016680240631,
      0.3311073337395986,
      0.34134736021359763,
      0.34034373704592386,
      0.321886169830958,
      0.32029060904184975,
      0.3111565991242727,
      0.31479082878430686
    ],
    "val_accuracy": [
      0.8091666666666667,
      0.8495,
      0.8615,
      0.8738333333333334,
      0.8626666666666667,
      0.8796666666666667,
      0.8776666666666667,
      0.8761666666666666,
      0.8863333333333333,
      0.8861666666666667,
      0.8831666666666667,
      0.8855
    ]
  },
  "regularized": {
    "train_loss": [
      1.1386787733678465,
      0.6133176962004767,
      0.5291280008422004,
      0.4914468151021887,
      0.4572362743925165,
      0.43477943794815627,
      0.42450493798432526,
      0.404617849667867,
      0.3969263678126865,
      0.386535449663798,
      0.3829966995539489,
      0.37294298925223174
    ],
    "train_accuracy": [
      0.5543148148148148,
      0.7714074074074074,
      0.811037037037037,
      0.8257962962962963,
      0.840574074074074,
      0.8476111111111111,
      0.8501666666666666,
      0.8579629629629629,
      0.8623148148148149,
      0.8642777777777778,
      0.865574074074074,
      0.8681296296296296
    ],
    "val_loss": [
      0.597912362575531,
      0.4815732272466024,
      0.4650696737766266,
      0.4070616854826609,
      0.3965974610646566,
      0.3946266790231069,
      0.3910381279786428,
      0.37587878394126895,
      0.36228323181470234,
      0.37769564565022784,
      0.3456172227064768,
      0.3455328931013743
    ],
    "val_accuracy": [
      0.7635,
      0.8271666666666667,
      0.8361666666666666,
      0.8496666666666667,
      0.8526666666666667,
      0.8596666666666667,
      0.8603333333333333,
      0.8703333333333333,
      0.873,
      0.868,
      0.8703333333333333,
      0.8738333333333334
    ]
  }
}