{
  "baseline": {
    "train_loss": [
      1.1584931859970093,
      0.5352529954027246,
      0.429842759653374,
      0.390231846721084,
      0.36739972134872717,
      0.3469419682467425,
      0.32622260387738544,
      0.31720078241383587,
      0.3028281284879755,
      0.29800499330626595,
      0.28765738931408635,
      0.2747138972414864,
      0.2678411173467283,
      0.2635467582896904,
      0.2540162454931824,
      0.24959919181576481,
      0.2378825712468889,
      0.2351112004606812,
      0.23143225721518199,
      0.22223797717800847,
      0.21676223225063748,
      0.21486484163337283,
      0.21152197448854093,
      0.20486274169551003,
      0.20320250360612516
    ],
    "train_accuracy": [
      0.5360370370370371,
      0.8072037037037038,
      0.8456851851851852,
      0.8583888888888889,
      0.8658888888888889,
      0.8735925925925926,
      0.8810925925925925,
      0.8845925925925926,
      0.8887592592592592,
      0.8912407407407408,
      0.8937407407407407,
      0.8986296296296297,
      0.9003518518518518,
      0.9029814814814815,
      0.9060555555555555,
      0.9063148148148148,
      0.9108703703703703,
      0.9122222222222223,
      0.9141851851851852,
      0.917074074074074,
      0.9180555555555555,
      0.9194629629629629,
      0.920074074074074,
      0.9234814814814815,
      0.9244074074074075
    ],
    "val_loss": [
      0.6648105670611064,
      0.4493041319847107,
      0.3910261193116506,
      0.4206038222312927,
      0.36338210813204447,
      0.354100599527359,
      0.3415825622876485,
      0.36140035422643024,
      0.3411161829630534,
      0.37396517101923626,
      0.33415513769785565,
      0.3223813327948252,
      0.31163686990737915,
      0.33980228106180826,
      0.3396957186857859,
      0.3258006145954132,
      0.3219009946982066,
      0.32373565860589343,
      0.32684758901596067,
      0.3201973926226298,
      0.32621191612879435,
      0.3129739958047867,
      0.3200345284541448,
      0.3260689659913381,
      0.3043694718281428
    ],
    "val_accuracy": [
      0.752,
      0.838,
      0.858,
      0.855,
      0.8685,
      0.867,
      0.8816666666666667,
      0.8665,
      0.8828333333333334,
      0.8606666666666667,
      0.8793333333333333,
      0.8825,
      0.887,
      0.8886666666666667,
      0.8775,
      0.8805,
      0.886,
      0.8821666666666667,
      0.8858333333333334,
      0.8888333333333334,
      0.8916666666666667,
      0.895,
      0.8866666666666667,
      0.884,
      0.8955
    ]
  },
  "regularized": {
    "train_loss": [
      1.2362700435850356,
      0.5766855529944102,
      0.4940433631649724,
      0.44731840158391883,
      0.41994984391000534,
      0.39338948349599484,
      0.378438961814951,
      0.3574278877620344,
      0.3449884232238487,
      0.33862656654251944,
      0.32911619259693004,
      0.32435306260320873,
      0.31926440505186715,
      0.3113790978325738,
      0.30253340508319715,
      0.30131162432388026,
      0.3005759353019573,
      0.290970248915531,
      0.2876733713414934,
      0.28095172558448933,
      0.2818235894794817,
      0.2774277193281386,
      0.2690196565522088,
      0.2675218122270372,
      0.2634838406068307
    ],
    "train_accuracy": [
      0.5064444444444445,
      0.788962962962963,
      0.8232592592592592,
      0.8428888888888889,
      0.8522222222222222,
      0.8600185185185185,
      0.865,
      0.8705185185185185,
      0.8752777777777778,
      0.8773333333333333,
      0.8807222222222222,
      0.8836851851851852,
      0.8857592592592592,
      0.8876481481481482,
      0.890537037037037,
      0.8913148148148148,
      0.8918888888888888,
      0.8940185185185185,
      0.8957962962962963,
      0.8977592592592593,
      0.8968148148148148,
      0.8995740740740741,
      0.9003888888888889,
      0.9022962962962963,
      0.9029444444444444
    ],
    "val_loss": [
      0.6454225481351217,
      0.48083802302678424,
      0.45495227773984276,
      0.48553141657511395,
      0.39183046213785805,
      0.38014232301712036,
      0.38670929527282716,
      0.37871460564931236,
      0.3306741458574931,
      0.3542761019070943,
      0.339400111357371,
      0.3586614674727122,
      0.33678613750139874,
      0.3244027094046275,
      0.33860595814387,
      0.3199787706534068,
      0.3247738230228424,
      0.3052672944068909,
      0.3493589476744334,
      0.3261331431865692,
      0.32638246432940166,
      0.295907657901446,
      0.3087938242753347,
      0.3103540386358897,
      0.3239275408188502
    ],
    "val_accuracy": [
      0.7578333333333334,
      0.8191666666666667,
      0.831,
      0.8273333333333334,
      0.8545,
      0.863,
      0.854,
      0.8643333333333333,
      0.8843333333333333,
      0.876,
      0.8826666666666667,
      0.8678333333333333,
      0.8761666666666666,
      0.884,
      0.8758333333333334,
      0.8831666666666667,
      0.8858333333333334,
      0.8901666666666667,
      0.8776666666666667,
      0.8835,
      0.8815,
      0.8931666666666667,
      0.888,
      0.8906666666666667,
      0.8813333333333333
    ]
  }
}