{
  "train_loss": [
    1.3014072324434915,
    1.1287224931010493,
    1.087088089271828,
    1.0767205425898234,
    1.049981118802671,
    1.0526772417139123,
    1.0230790350172254,
    0.9995369807525918,
    1.0263034156516746,
    1.026796122374358,
    1.0012278038307472,
    1.0114155564484772,
    0.9956993757883708,
    1.0089760996853865,
    0.9911997364008868,
    0.9770450894037882,
    1.014615924111119,
    1.0016388237917864,
    0.9946464964195534,
    0.982569192427176
  ],
  "train_accuracy": [
    0.87841796875,
    0.90673828125,
    0.9189453125,
    0.92578125,
    0.9287109375,
    0.93505859375,
    0.94189453125,
    0.94677734375,
    0.9453125,
    0.951171875,
    0.95068359375,
    0.95263671875,
    0.95166015625,
    0.9580078125,
    0.95361328125,
    0.955078125,
    0.95654296875,
    0.95947265625,
    0.9599609375,
    0.96240234375
  ],
  "val_loss": [
    0.7896458500226339,
    0.7484210896492004,
    0.7256379911104838,
    0.699483331044515,
    0.7046054811477661,
    0.6895751117070515,
    0.6796312901178996,
    0.6862399326960246,
    0.6781519096692403,
    0.677257452805837,
    0.6768766681353251,
    0.6683425965309143,
    0.6660001006126404,
    0.6653963093757629,
    0.6636419032414754,
    0.6590195864041646,
    0.6643533198038737,
    0.6630384443600973,
    0.6642936644554138,
    0.6592661970456442
  ],
  "val_accuracy": [
    0.8818333333333334,
    0.8996666666666666,
    0.9118333333333334,
    0.9205,
    0.9208333333333333,
    0.9258333333333333,
    0.9301666666666667,
    0.928,
    0.93,
    0.9286666666666666,
    0.931,
    0.9331666666666667,
    0.9336666666666666,
    0.9331666666666667,
    0.9345,
    0.9365,
    0.933,
    0.9338333333333333,
    0.9341666666666667,
    0.9336666666666666
  ],
  "best_epoch": 16
}