{
  "train_loss": [
    1.2662340282157616,
    1.095702060699463,
    1.0727204702165392,
    1.0722904869008947,
    1.0575565330717298,
    1.0411043020001165,
    1.0282134811083476,
    1.0179843349456787,
    1.0024804984905102,
    1.0266286030168887,
    0.9937899074907656,
    1.002341111642343,
    1.001376112514072,
    0.9959803936216566,
    0.9872992426201149,
    0.9794382256931728
  ],
  "train_accuracy": [
    0.88037109375,
    0.89501953125,
    0.921875,
    0.9296875,
    0.9326171875,
    0.9365234375,
    0.9443359375,
    0.947265625,
    0.94677734375,
    0.94873046875,
    0.953125,
    0.9521484375,
    0.9501953125,
    0.9560546875,
    0.95654296875,
    0.95947265625
  ],
  "val_loss": [
    0.8020427509943644,
    0.7652944091161092,
    0.7171546158790588,
    0.7030117915471394,
    0.6971598130861918,
    0.6856621476809184,
    0.6806568168004354,
    0.6765696552594502,
    0.6709214746157328,
    0.6709658918380738,
    0.6675397000312805,
    0.6674471214612325,
    0.6646242938041687,
    0.6616970833142598,
    0.6706326773961385,
    0.6628529556592305
  ],
  "val_accuracy": [
    0.8821666666666667,
    0.8886666666666667,
    0.9121666666666667,
    0.92,
    0.9236666666666666,
    0.9256666666666666,
    0.9251666666666667,
    0.93,
    0.9305,
    0.9303333333333333,
    0.9343333333333333,
    0.9348333333333333,
    0.9321666666666667,
    0.9345,
    0.9321666666666667,
    0.9341666666666667
  ],
  "best_epoch": 12
}